# protospacer,sequence #,alignment #,total alignments,chr,position,chr orientation,gene,gene orientation,ChromHMM annotation,ChromHMM active,,
CCTGTAGTCCCAGCTACTGGNGG,23621,1,126,chr18,46026761,+,NM_024430,-,5_TxWk,active,,
CCTGTAGTCCCAGCTACTGGNGG,23621,2,126,chr3,40175017,+,NM_001284425,+,14_ReprPCWk,inactive,,
CCTGTAGTCCCAGCTACTGGNGG,23621,3,126,chr2,70336511,+,,,15_Quies,inactive,,
CCTGTAGTCCCAGCTACTGGNGG,23621,4,126,chr19,51647979,+,,,14_ReprPCWk,inactive,,
CCTGTAGTCCCAGCTACTGGNGG,23621,5,126,chr8,6270218,+,,,14_ReprPCWk,inactive,,
CCTGTAGTCCCAGCTACTGGNGG,23621,6,126,chr8,67903537,-,,,15_Quies,inactive,,
CCTGTAGTCCCAGCTACTGGNGG,23621,7,126,chr11,100048005,+,NM_175566,+,15_Quies,inactive,,
CCTGTAGTCCCAGCTACTGGNGG,23621,8,126,chr14,71395537,+,NM_001354285,+,15_Quies,inactive,,
CCTGTAGTCCCAGCTACTGGNGG,23621,9,126,chrX,100622256,+,,,15_Quies,inactive,,
CCTGTAGTCCCAGCTACTGGNGG,23621,10,126,chr9,20745231,-,NM_001375568,+,5_TxWk,active,,
CCTGTAGTCCCAGCTACTGGNGG,23621,11,126,chr13,77322034,+,NM_015057,-,5_TxWk,active,,
CCTGTAGTCCCAGCTACTGGNGG,23621,12,126,chr19,43424111,-,,,15_Quies,inactive,,
CCTGTAGTCCCAGCTACTGGNGG,23621,13,126,chr18,27101467,+,NM_001256316,-,15_Quies,inactive,,
CCTGTAGTCCCAGCTACTGGNGG,23621,14,126,chr17,50492704,+,,,15_Quies,inactive,,
CCTGTAGTCCCAGCTACTGGNGG,23621,15,126,chr4,79309837,-,,,15_Quies,inactive,,
CCTGTAGTCCCAGCTACTGGNGG,23621,16,126,chr18,47096994,+,NM_001353906,+,15_Quies,inactive,,
CCTGTAGTCCCAGCTACTGGNGG,23621,17,126,chr22,19200716,+,NM_007098,-,13_ReprPC,inactive,,
CCTGTAGTCCCAGCTACTGGNGG,23621,18,126,chr8,102494147,-,NR_168428,+,15_Quies,inactive,,
CCTGTAGTCCCAGCTACTGGNGG,23621,19,126,chr17,7623579,-,NM_001289114,+,15_Quies,inactive,,
CCTGTAGTCCCAGCTACTGGNGG,23621,20,126,chr3,186759210,+,,,15_Quies,inactive,,
CCTGTAGTCCCAGCTACTGGNGG,23621,21,126,chr6,43048887,-,NM_014780,-,5_TxWk,active,,
CCTGTAGTCCCAGCTACTGGNGG,23621,22,126,chr13,73088665,+,,,15_Quies,inactive,,
CCTGTAGTCCCAGCTACTGGNGG,23621,23,126,chr2,73379198,-,,,14_ReprPCWk,inactive,,
CCTGTAGTCCCAGCTACTGGNGG,23621,24,126,chr2,21661603,+,,,15_Quies,inactive,,
CCTGTAGTCCCAGCTACTGGNGG,23621,25,126,chr3,145068294,+,,,15_Quies,inactive,,
CCTGTAGTCCCAGCTACTGGNGG,23621,26,126,chr14,72645442,-,NM_001280542,-,14_ReprPCWk,inactive,,
CCTGTAGTCCCAGCTACTGGNGG,23621,27,126,chr5,164699561,+,,,15_Quies,inactive,,
CCTGTAGTCCCAGCTACTGGNGG,23621,28,126,chr14,59444680,+,,,15_Quies,inactive,,
CCTGTAGTCCCAGCTACTGGNGG,23621,29,126,chr2,97847053,+,NM_015348,-,5_TxWk,active,,
CCTGTAGTCCCAGCTACTGGNGG,23621,30,126,chr7,31244753,-,,,15_Quies,inactive,,
CCTGTAGTCCCAGCTACTGGNGG,23621,31,126,chr19,7224065,-,NM_000208,-,15_Quies,inactive,,
CCTGTAGTCCCAGCTACTGGNGG,23621,32,126,chrX,71977542,-,NM_001013627,+,15_Quies,inactive,,
CCTGTAGTCCCAGCTACTGGNGG,23621,33,126,chr5,31326813,-,NM_004932,+,15_Quies,inactive,,
CCTGTAGTCCCAGCTACTGGNGG,23621,34,126,chr7,102095121,-,NM_001202543,+,5_TxWk,active,,
CCTGTAGTCCCAGCTACTGGNGG,23621,35,126,chrX,136871315,+,NM_001164803,-,5_TxWk,active,,
CCTGTAGTCCCAGCTACTGGNGG,23621,36,126,chr9,34095509,-,NM_015397,-,5_TxWk,active,,
CCTGTAGTCCCAGCTACTGGNGG,23621,37,126,chrX,137191140,+,,,15_Quies,inactive,,
CCTGTAGTCCCAGCTACTGGNGG,23621,38,126,chr2,219046900,-,,,14_ReprPCWk,inactive,,
CCTGTAGTCCCAGCTACTGGNGG,23621,39,126,chr16,47372034,-,NM_001305002,-,5_TxWk,active,,
CCTGTAGTCCCAGCTACTGGNGG,23621,40,126,chr6,96120392,-,NM_006581,+,15_Quies,inactive,,
CCTGTAGTCCCAGCTACTGGNGG,23621,41,126,chr2,13613990,+,,,15_Quies,inactive,,
CCTGTAGTCCCAGCTACTGGNGG,23621,42,126,chr2,127669592,+,NM_001161403,-,14_ReprPCWk,inactive,,
CCTGTAGTCCCAGCTACTGGNGG,23621,43,126,chr3,172628393,+,,,15_Quies,inactive,,
CCTGTAGTCCCAGCTACTGGNGG,23621,44,126,chr16,409292,-,NM_020664,+,15_Quies,inactive,,
CCTGTAGTCCCAGCTACTGGNGG,23621,45,126,chrX,54034873,+,NM_015107,-,5_TxWk,active,,
CCTGTAGTCCCAGCTACTGGNGG,23621,46,126,chr17,48021848,-,,,5_TxWk,active,,
CCTGTAGTCCCAGCTACTGGNGG,23621,47,126,chr14,60113056,+,NM_001330177,+,5_TxWk,active,,
CCTGTAGTCCCAGCTACTGGNGG,23621,48,126,chr17,7639699,-,,,15_Quies,inactive,,
CCTGTAGTCCCAGCTACTGGNGG,23621,49,126,chr7,155275729,+,,,14_ReprPCWk,inactive,,
CCTGTAGTCCCAGCTACTGGNGG,23621,50,126,chr1,17034268,-,NM_003000,-,5_TxWk,active,,
CCTGTAGTCCCAGCTACTGGNGG,23621,51,126,chr11,119331689,+,,,15_Quies,inactive,,
CCTGTAGTCCCAGCTACTGGNGG,23621,52,126,chr5,61366016,-,NM_020928,+,15_Quies,inactive,,
CCTGTAGTCCCAGCTACTGGNGG,23621,53,126,chr15,75878465,+,NM_001145335,+,5_TxWk,active,,
CCTGTAGTCCCAGCTACTGGNGG,23621,54,126,chr12,123922247,+,NM_001372106,+,14_ReprPCWk,inactive,,
CCTGTAGTCCCAGCTACTGGNGG,23621,55,126,chr2,27884368,-,NM_022128,-,15_Quies,inactive,,
CCTGTAGTCCCAGCTACTGGNGG,23621,56,126,chr5,131388955,-,NM_001375635,+,5_TxWk,active,,
CCTGTAGTCCCAGCTACTGGNGG,23621,57,126,chr6,35527015,+,,,15_Quies,inactive,,
CCTGTAGTCCCAGCTACTGGNGG,23621,58,126,chr1,26934779,-,NM_006600,+,4_Tx,active,,
CCTGTAGTCCCAGCTACTGGNGG,23621,59,126,chr16,21127435,+,NM_001347886,-,14_ReprPCWk,inactive,,
CCTGTAGTCCCAGCTACTGGNGG,23621,60,126,chr2,218967578,+,,,14_ReprPCWk,inactive,,
CCTGTAGTCCCAGCTACTGGNGG,23621,61,126,chr6,58380729,+,,,15_Quies,inactive,,
CCTGTAGTCCCAGCTACTGGNGG,23621,62,126,chr1,160251594,-,NM_015726,-,5_TxWk,active,,
CCTGTAGTCCCAGCTACTGGNGG,23621,63,126,chr5,180661910,-,,,14_ReprPCWk,inactive,,
CCTGTAGTCCCAGCTACTGGNGG,23621,64,126,chr6,19832154,-,,,15_Quies,inactive,,
CCTGTAGTCCCAGCTACTGGNGG,23621,65,126,chr1,155404229,+,NM_001366177,-,5_TxWk,active,,
CCTGTAGTCCCAGCTACTGGNGG,23621,66,126,chr21,28643554,+,,,15_Quies,inactive,,
CCTGTAGTCCCAGCTACTGGNGG,23621,67,126,chr10,110588113,-,NM_005445,+,4_Tx,active,,
CCTGTAGTCCCAGCTACTGGNGG,23621,68,126,chr3,179430575,-,NM_021629,-,5_TxWk,active,,
CCTGTAGTCCCAGCTACTGGNGG,23621,69,126,chr18,12419963,+,NM_001142405,+,1_TssA,active,,
CCTGTAGTCCCAGCTACTGGNGG,23621,70,126,chr1,205295482,+,,,7_Enh,active,,
CCTGTAGTCCCAGCTACTGGNGG,23621,71,126,chrX,18912953,+,NM_000292,-,5_TxWk,active,,
CCTGTAGTCCCAGCTACTGGNGG,23621,72,126,chr10,103821687,-,NM_014631,-,14_ReprPCWk,inactive,,
CCTGTAGTCCCAGCTACTGGNGG,23621,73,126,chr5,157830902,+,NM_001195555,-,5_TxWk,active,,
CCTGTAGTCCCAGCTACTGGNGG,23621,74,126,chr14,90409873,-,,,15_Quies,inactive,,
CCTGTAGTCCCAGCTACTGGNGG,23621,75,126,chr9,19283717,-,NM_017925,+,5_TxWk,active,,
CCTGTAGTCCCAGCTACTGGNGG,23621,76,126,chr6,34158426,+,,,14_ReprPCWk,inactive,,
CCTGTAGTCCCAGCTACTGGNGG,23621,77,126,chr3,63112092,-,NR_027104,+,15_Quies,inactive,,
CCTGTAGTCCCAGCTACTGGNGG,23621,78,126,chr17,80897135,+,NM_001163034,+,5_TxWk,active,,
CCTGTAGTCCCAGCTACTGGNGG,23621,79,126,chr11,65668028,-,,,15_Quies,inactive,,
CCTGTAGTCCCAGCTACTGGNGG,23621,80,126,chr14,24212677,-,NM_014169,-,5_TxWk,active,,
CCTGTAGTCCCAGCTACTGGNGG,23621,81,126,chr2,218525357,+,NM_020935,-,5_TxWk,active,,
CCTGTAGTCCCAGCTACTGGNGG,23621,82,126,chr12,105958935,+,,,15_Quies,inactive,,
CCTGTAGTCCCAGCTACTGGNGG,23621,83,126,chr1,224879061,+,,,14_ReprPCWk,inactive,,
CCTGTAGTCCCAGCTACTGGNGG,23621,84,126,chr20,19325320,+,NM_020689,+,15_Quies,inactive,,
CCTGTAGTCCCAGCTACTGGNGG,23621,85,126,chr5,93917753,+,NM_001163418,-,15_Quies,inactive,,
CCTGTAGTCCCAGCTACTGGNGG,23621,86,126,chr5,75705074,+,NM_152408,-,5_TxWk,active,,
CCTGTAGTCCCAGCTACTGGNGG,23621,87,126,chr2,10807333,-,NM_005742,-,5_TxWk,active,,
CCTGTAGTCCCAGCTACTGGNGG,23621,88,126,chr13,91010256,-,,,15_Quies,inactive,,
CCTGTAGTCCCAGCTACTGGNGG,23621,89,126,chr9,127880868,-,,,5_TxWk,active,,
CCTGTAGTCCCAGCTACTGGNGG,23621,90,126,chr5,108412418,-,,,15_Quies,inactive,,
CCTGTAGTCCCAGCTACTGGNGG,23621,91,126,chr9,97851206,-,NR_147055,-,15_Quies,inactive,,
CCTGTAGTCCCAGCTACTGGNGG,23621,92,126,chr2,131113203,-,NM_001309452,+,5_TxWk,active,,
CCTGTAGTCCCAGCTACTGGNGG,23621,93,126,chr11,119159361,+,NM_001348192,+,15_Quies,inactive,,
CCTGTAGTCCCAGCTACTGGNGG,23621,94,126,chr9,19506610,-,,,14_ReprPCWk,inactive,,
CCTGTAGTCCCAGCTACTGGNGG,23621,95,126,chrX,104572721,-,NM_017416,+,15_Quies,inactive,,
CCTGTAGTCCCAGCTACTGGNGG,23621,96,126,chr3,138618103,-,NM_001033030,+,15_Quies,inactive,,
CCTGTAGTCCCAGCTACTGGNGG,23621,97,126,chr18,67141058,-,,,15_Quies,inactive,,
CCTGTAGTCCCAGCTACTGGNGG,23621,98,126,chr11,117156063,+,NM_001184748,+,5_TxWk,active,,
CCTGTAGTCCCAGCTACTGGNGG,23621,99,126,chr1,218263595,+,,,14_ReprPCWk,inactive,,
CCTGTAGTCCCAGCTACTGGNGG,23621,100,126,chr14,81604674,+,,,14_ReprPCWk,inactive,,
CCTGTAGTCCCAGCTACTGGNGG,23621,101,126,chr5,141759351,-,,,14_ReprPCWk,inactive,,
CCTGTAGTCCCAGCTACTGGNGG,23621,102,126,chr10,86581832,-,,,15_Quies,inactive,,
CCTGTAGTCCCAGCTACTGGNGG,23621,103,126,chr16,3105269,+,,,5_TxWk,active,,
CCTGTAGTCCCAGCTACTGGNGG,23621,104,126,chrX,71355168,+,,,15_Quies,inactive,,
CCTGTAGTCCCAGCTACTGGNGG,23621,105,126,chr9,76732188,+,NM_015225,-,14_ReprPCWk,inactive,,
CCTGTAGTCCCAGCTACTGGNGG,23621,106,126,chrX,38698744,-,,,15_Quies,inactive,,
CCTGTAGTCCCAGCTACTGGNGG,23621,107,126,chr12,130733348,+,,,14_ReprPCWk,inactive,,
CCTGTAGTCCCAGCTACTGGNGG,23621,108,126,chr8,97796061,-,NM_018407,+,5_TxWk,active,,
CCTGTAGTCCCAGCTACTGGNGG,23621,109,126,chr10,63609326,+,NM_001001330,+,5_TxWk,active,,
CCTGTAGTCCCAGCTACTGGNGG,23621,110,126,chr12,117313416,-,NM_001204218,-,15_Quies,inactive,,
CCTGTAGTCCCAGCTACTGGNGG,23621,111,126,chr5,44538179,+,,,15_Quies,inactive,,
CCTGTAGTCCCAGCTACTGGNGG,23621,112,126,chr8,144982686,+,NR_023392,-,9_Het,inactive,,
CCTGTAGTCCCAGCTACTGGNGG,23621,113,126,chr7,152451157,+,,,15_Quies,inactive,,
CCTGTAGTCCCAGCTACTGGNGG,23621,114,126,chr5,129084747,+,,,15_Quies,inactive,,
CCTGTAGTCCCAGCTACTGGNGG,23621,115,126,chr4,57697905,+,,,15_Quies,inactive,,
CCTGTAGTCCCAGCTACTGGNGG,23621,116,126,chr5,69174623,+,NM_001354844,+,4_Tx,active,,
CCTGTAGTCCCAGCTACTGGNGG,23621,117,126,chr1,13646277,+,,,14_ReprPCWk,inactive,,
CCTGTAGTCCCAGCTACTGGNGG,23621,118,126,chr17,34819018,+,,,15_Quies,inactive,,
CCTGTAGTCCCAGCTACTGGNGG,23621,119,126,chr14,63638066,-,NM_001382424,-,5_TxWk,active,,
CCTGTAGTCCCAGCTACTGGNGG,23621,120,126,chr4,144373519,-,,,15_Quies,inactive,,
CCTGTAGTCCCAGCTACTGGNGG,23621,121,126,chr15,38620686,-,,,14_ReprPCWk,inactive,,
CCTGTAGTCCCAGCTACTGGNGG,23621,122,126,chr12,88060433,+,NM_025114,-,5_TxWk,active,,
CCTGTAGTCCCAGCTACTGGNGG,23621,123,126,chr18,30222285,+,,,15_Quies,inactive,,
CCTGTAGTCCCAGCTACTGGNGG,23621,124,126,chrX,47540462,+,,,15_Quies,inactive,,
CCTGTAGTCCCAGCTACTGGNGG,23621,125,126,chr3,32832332,+,NM_001039111,+,14_ReprPCWk,inactive,,
CCTGTAGTCCCAGCTACTGGNGG,23621,126,126,chr5,556488,-,,,7_Enh,active,,